,United States - English,United States - Español,España - Español,Canada - French,France - Francais,United Kingdom - English,Australia - English,Canada - English
app_name,ARC,ARC,ARC,ARC,ARC,ARC,ARC,ARC
country_key,US,US,ES,CA,FR,UK,AU,CA
language_key,en,es,es,fr,fr,en,en,en
baseline_body,There are no tests available at this time. Your schedule will be determined at your baseline visit.,"No hay tests disponibles en este momento. Su cronograma se determinará en la visita inicial.
",Actualmente no hay ninguna prueba disponible. Su calendario se determinará en la visita inicial.,Il n’y a pas de tests disponibles pour le moment. Votre horaire sera déterminé lors de votre visite préliminaire.,Il n’y a pas de tests disponibles pour le moment. Votre horaire sera déterminé lors de votre visite préliminaire.,There are no tests available at this time. Your schedule will be determined at your baseline visit.,There are no tests available at this time. Your schedule will be determined at your baseline visit.,There are no tests available at this time. Your schedule will be determined at your baseline visit.
baseline_header,BASELINE,Inicial,INICIO,Données de base,Données de base,BASELINE,BASELINE,BASELINE
chronotype_0_body,"The following section will ask you questions in regards to your sleep and wake behavior on work- and work-free days. Please estimate an average of your ""normal"" sleep behavior over the past 6 weeks when you were able to follow your usual routines.",La próxima sección le hará preguntas concernientes a su conducta de sueño-vigilia en los días laborables y no laborables. Estime un promedio de conducta de sueño “normal” en las últimas 6 semanas cuando fue capaz de cumplir sus rutinas habituales.,En la siguiente sección se leharán preguntas sobre sus patrones de sueño y vigilia durante los días laborables y de descanso. Calcule un promedio desu patrón de sueño «normal» durante las últimas 6 semanas en las que pudo seguir sus rutinas habituales.,"Dans la section suivante, nous vous poserons des questions concernant votre sommeil et vos habitudes de réveil pour les jours avec et sans travail. Veuillez estimer en moyenne vos habitudes de sommeil « normal » au cours des six dernières semaines lorsque vous avez pu suivre vos routines habituelles.","La section suivante contient des questions sur votre comportement de veille-sommeil les jours travaillés et non travaillés. Veuillez estimer quel a été en moyenne votre comportement de sommeil « normal » au cours des 6 dernières semaines, lorsque vous avez purespecter vos habitudes.","The following section will ask you questions in regards to your sleep and wake behaviour on work- and work-free days. Please estimate an average of your ""normal"" sleep behaviour over the past 6 weeks when you were able to follow your usual routines.",The following section will ask you questions in regards to your sleep and wake behaviour on work- and work-free days. Please estimate an average of your “normal” sleep behaviour over the past 6 weeks when you were able to follow your usual routines.,The following section will ask you questions in regards to your sleep and wake behaviour on work- and work-free days. Please estimate an average of your “normal” sleep behaviour over the past 6 weeks when you were able to follow your usual routines.
chronotype_1_q1,I have been a shift- or night-worker in the past three months.,He trabajado de noche o por turnos en los últimos tres meses.,He trabajado por turnos o por la noche durante los últimos tres meses.,J’ai été un travailleur de quarts ou de nuit au cours des trois derniers mois.,J’ai travaillé en poste ou de nuit ces trois derniers mois.,I have been a shift- or night-worker in the past three months.,I have been a shift- or night-worker in the past three months.,I have been a shift- or night-worker in the past three months.
chronotype_1_q2,"Normally, I work ____ days/week","Habitualmente, trabajo ____ días/semana.","Normalmente, trabajo ____ días/semana.","Normalement, je travaille ____ jours par semaine.","Normalement, je travaille ____ jours/semaine.","Normally, I work ____ days/week","Normally, I work ____ days/week","Normally, I work ____ days/week"
chronotype_2_body,Please answer all of the following questions even if you do not work or work 7 days/week. Please don't forget to indicate AM or PM.,"Responda las siguientes preguntas incluso si usted no trabaja o trabaja 7 días/semana. No olvide indicar si es AM o PM.
",Responda a las siguientes preguntas incluso si no trabaja o trabaja 7 días a la semana. No olvide indicar a.m. o p.m.,"Veuillez répondre à toutes les questions suivantes, même si vous ne travaillez pas, ou ne travaillez pas sept jours par semaine. N’oubliez pas d’indiquer AM ou PM.
","Veuillez répondre à toutes les questions suivantes, même si vous netravaillez pas ou si vous travaillez 7 jours/7. N’oubliez pas de préciser l’indication AM (matin) ou PM (après-midi).",Please answer all the of the following questions even if you do not work or work 7 days/week. Please don't forget to indicate AM or PM.,Please answer all the of the following questions even if you do not work or work 7 days/week. Please don't forget to indicate AM or PM.,Please answer all the of the following questions even if you do not work or work 7 days/week. Please don't forget to indicate AM or PM.
chronotype_body_sleep,I normally fall asleep at (this is NOT when you go to bed):,Normalmente me duermo a las (NO cuando se mete en la cama):,Me duermo normalmente a las (esta NO es la hora a la que se acuesta):,Je m’endors normalement à (ce N’EST PAS lorsque vous vous couchez) :,Je m’endors normalement à (il ne s’agit PAS de l’heure à laquelle vous vous couchez) :,I normally fall asleep at (this is NOT when you get to bed):,I normally fall asleep at (this is NOT when you get to bed):,I normally fall asleep at (this is NOT when you get to bed):
chronotype_body_wake,I normally wake up at (this is NOT when you get out of bed):,"Normalmente me despierto a las (NO cuando se levanta de la cama):
",Normalmente me despierto a las (esta NO es la hora a la que selevanta):,Je me réveille normalement à (ce N’EST PAS l’heure à laquelle vous vous levez) :,Je me réveille normalement à (il ne s’agit PAS de l’heure à laquelle vous vous levez) :,I normally wake up at (this is NOT when you get out of bed):,I normally wake up at (this is NOT when you get out of bed):,I normally wake up at (this is NOT when you get out of bed):
choose_time,Choose Time,Elija una hora,Seleccionar hora,Choisir l’heure,Choisir l’heure,Choose Time,Choose Time,Choose Time
choose_answer,Choose Answer,Elija la respuesta,Seleccionar respuesta,Choisir une réponse,Choisir une réponse,Choose Answer,Choose Answer,Choose Answer
chronotype_edit,Edit,Editar,Modificar,Éditer,Modifier,edit,edit,edit
chronotype_header,CHRONOTYPE,CRONOTIPO,CRONOTIPO,CHRONOTYPE,CHRONOTYPE,CHRONOTYPE,CHRONOTYPE,CHRONOTYPE
chronotype_subheader_work,On workdays...,"En los días laborables…
",Durante los días laborables...,"Pendant les journées de travail...
",Les jours de travail...,On workdays...,On workdays...,On workdays...
chronotype_subheader_workfree,On work-free days when I don't use an alarm clock...,"En los días no laborables cuando no uso la alarma…
",Durante los díasen los que no trabajo cuando no pongo el despertador...,"Lors des jours sans travail lorsque je n’utilise pas de réveil...
","Les jours non travaillés, quand je n’utilise pas de réveil...",On work-free days when I don't use an alarm clock...,On work-free days when I don't use an alarm clock...,On work-free days when I don't use an alarm clock...
confirm,CONFIRM,CONFIRMAR,CONFIRMAR,CONFIRMER,CONFIRM,CONFIRM,CONFIRM,CONFIRM
context_active,ACTIVE/ALERT,ACTIVO/ALERTA,ACTIVO/ALERTA,ACTIF/ALERTE,ACTIF/ALERTE,ACTIVE/ALERT,ACTIVE/ALERT,ACTIVE/ALERT
context_bad,BAD,MALO,MALO,MAUVAISE,MAUVAISE,BAD,BAD,BAD
context_good,GOOD,BUENO,BUENO,BONNE,BONNE,GOOD,GOOD,GOOD
context_header,CONTEXT SURVEY,ENCUESTA DEL CONTEXTO,ENCUESTA DE CONTEXTO,HISTORIQUE,ÉTUDE DE CONTEXTE,CONTEXT SURVEY,CONTEXT SURVEY,CONTEXT SURVEY
context_q1,Who is with you right now?,¿Quién está con usted en este momento?,¿Quién está ahora mismo con usted?,Qui est avec vous en ce moment ?,Qui est avec vous en ce moment?,Who is with you right now?,Who is with you right now?,Who is with you right now?
context_q1_answers1,Nobody,Nadie,Nadie,Personne,Personne,Nobody,Nobody,Nobody
context_q1_answers2,Partner/spouse,Pareja/cónyuge,Pareja/cónyuge,Partenaire/conjoint,Partenaire/conjoint,Partner/spouse,Partner/spouse,Partner/spouse
context_q1_answers3,Family,Familia,Familiar,Famille,Famille,Family,Family,Family
context_q1_answers4,Friends,Amigos,Amigos,Ami(e)s,Amis,Friends,Friends,Friends
context_q1_answers5,Co-workers,Colegas,Compañeros de trabajo,Collègues de travail,Collègues,Co-workers,Co-workers,Co-workers
context_q1_answers6,Pet,Mascota,Mascota,Animal domestique,Animal de compagnie,Pet,Pet,Pet
context_q1_answers7,Other,Otros,Otros,Autre,Autre,Other,Other,Other
context_q2,Where are you right now?,¿Dónde está en este momento?,¿Dónde está usted ahora mismo?,Où êtes-vous en ce moment ?,Où êtes-vous en ce moment?,Where are you right now?,Where are you right now?,Where are you right now?
context_q2_answers1,My Home,Mi casa,En casa,Ma maison,Chez moi,My Home,My Home,My Home
context_q2_answers2,My Work,Mi trabajo,En el trabajo,Mon travail,Au travail,My Work,My Work,My Work
context_q2_answers3,School,Escuela,En el colegio,École,À l’école,School,School,School
context_q2_answers4,Other Person's Home,La casa de otra persona,En la casa de otra persona,Maison d’une autre personne,Chez quelqu’un d’autre,Other Person's Home,Other Person's Home,Other Person's Home
context_q2_answers5,Vehicle,Vehículo,En el vehículo,Véhicule,En voiture/dans les transports,Vehicle,Vehicle,Vehicle
context_q2_answers6,Outside,Fuera,En la calle,Dehors,Dehors,Outside,Outside,Outside
context_q2_answers7,Other,Otros,En otro lugar,Autre,Autre,Other,Other,Other
context_q3,Which of these best describes your overall mood right now?,¿Cuál de estas opciones describe mejor su estado de ánimo en general en este momento?,¿Cuál de estas respuestas describe mejor su estado de ánimo general ahora mismo?,"Quel terme ci-dessous décrit le mieux votre humeur générale en ce moment ?
",Quel mot décrit le mieux votre humeur générale en ce moment?,Which of these best describes your overall mood right now?,Which of these best describes your overall mood right now?,Which of these best describes your overall mood right now?
context_q4,Which of these best describes how you feel right now?,¿Cuál de estas opciones describe mejor cómo se siente en este momento?,¿Cuál de estas respuestas describe mejor cómo se siente ahora mismo?,Lesquels des termes ci-dessous décrivent le mieux comment vous vous sentez en ce moment ?,Quels mots décrivent le mieux votre la manière dont vous vous sentez en ce moment?,Which of these best describes how you feel right now?,Which of these best describes how you feel right now?,Which of these best describes how you feel right now?
context_q5,In the past 5 minutes...what were you MOSTLY doing?,En los últimos 5 minutos … ¿Qué actividad realizó por MÁS tiempo?,En los últimos 5 minutos... ¿Cuál era su PRINCIPAL actividad?,Au cours des 5 dernières minutes... qu’avez-vous fait PRINCIPALEMENT ?,Qu’avez-vous fait PRINCIPALEMENT ces 5 dernières minutes?,In the past 5 minutes...what were you MOSTLY doing?,In the past 5 minutes...what were you MOSTLY doing?,In the past 5 minutes...what were you MOSTLY doing?
context_q5_answers1,Sitting at a Desk,Sentarse ante un escritorio ,Sentado en el escritorio,"Assis à un bureau 
",Être assis à un bureau,Sitting at a Desk,Sitting at a Desk,Sitting at a Desk
context_q5_answers2,Watching Television,Mirar televisión,Viendo la televisión,Regarder la télévision,Regarder la télévision,Watching Television,Watching Television,Watching Television
context_q5_answers3,Eating,Comer,Comiendo,Manger,Manger,Eating,Eating,Eating
context_q5_answers4,Exercising,Ejercitarse,Haciendo ejercicio,Faire de l’exercice,Faire de l’exercice,Exercising,Exercising,Exercising
context_q5_answers5,"Household Chores (cooking, cleaning)","Tareas del hogar (cocinar, limpiar)",Haciendo tareas domésticas,"Activités domestiques (cuisiner, nettoyer)","Tâches ménagères (cuisine, ménage)","Household Chores (cooking, cleaning)","Household Chores (cooking, cleaning)","Household Chores (cooking, cleaning)"
context_q5_answers6,Driving,Manejar,Conduciendo,Conduire,Conduire,Driving,Driving,Driving
context_q5_answers7,Socializing,Socializar,Socializando,Socialiser,Rencontrer des amis,Socialising ,Socialising ,Socializing
context_q5_answers8,Personal Care,Cuidado personal ,Cuidado Personal,Soins personnels,Soins personnels,Personal Care,Personal Care,Personal Care
context_q5_answers9,Resting,Descansar,Descansando,Se reposer ,Se reposer,Resting,Resting,Resting
context_q5_answers10,Other,Otro,Haciendo otra cosa,Autre,Autre,Other,Other,Other
context_tired,SLEEPY/TIRED,SOMNOLIENTO/CANSADO,SOMNOLIENTO/CANSADO,SOMNOLENT/FATIGUÉ,ENDORMI/FATIGUÉ,SLEEPY/TIRED,SLEEPY/TIRED,SLEEPY/TIRED
done,Done,COMPLETADO,Hecho,Terminé,Terminé,Done,Done,Done
grid_body1,"In this test, you will see a 5 x 5 grid. 

There will be three items placed in that grid. Try to remember where the items are located.","En este test, observará una cuadrícula de 5 x 5.

Habrá tres artículos en esa cuadrícula. Intente recordar dónde estaban ubicados los artículos.","En esta prueba, verá una cuadrícula de 5 x 5. 

En esa cuadrícula aparecerán tres artículos. Intente recordar dónde estaban.","Dans ce test, vous verrez une grille de 5 x 5.

Il y aura trois articles placés dans cette grille. Essayez de vous souvenir où sont situés les articles.","Lors de ce test, une grille de 5 lignes et 5 colonnes va s’afficher.

Trois articles seront placés dans cette grille. Essayez de vous souvenir de l’emplacement des articles.","In this test, you will see a 5 x 5 grid. There will be three items placed in that grid. Try to remember where the items are located.","In this test, you will see a 5 x 5 grid. There will be three items placed in that grid. Try to remember where the items are located.","In this test, you will see a 5 x 5 grid. There will be three items placed in that grid. Try to remember where the items are located."
grid_body2,You will then do a different task where you will touch all the letter 'F's that you find as quickly as you can.,Luego hará una tarea diferente en la cual tocará todas las letras ‘F’ que encuentre tan rápido como pueda.,"Posteriormente se presentará una prueba diferente en la que deberá tocar, lo más rápido que pueda, todas las letras «F» que encuentre.",Vous réaliserez ensuite une tâche différente où vous allez toucher le plus rapidement possible toutes les lettres « F » que vous trouverez.,"Vous allez ensuite passer un autre test : vous devrez toucher aussi vite que possible toutes les lettres « F » que vous trouverez.
",You will then do a different task where you will touch all the letter 'F's that you find as quickly as you can.,You will then do a different task where you will touch all the letter 'F's that you find as quickly as you can.,You will then do a different task where you will touch all the letter 'F's that you find as quickly as you can.
grid_body3,"Then, you'll be shown a blank grid. Tap the boxes where that items were located previously. 

Press Start to begin.","Luego, le mostrarán una cuadrícula en blanco. Presione las casillas donde los artículos se encontraban previamente ubicados.","A continuación, se le mostrará una cuadrícula en blanco. Toque los cuadrados en los que estaban colocados los artículos anteriormente.

Pulse «Comenzar» para empezar.","Ensuite, nous vous montrerons une grille vierge. Appuyez sur les cases où les articles étaient situés précédemment.

Appuyez sur Début pour commencer","On va ensuite vous montrer une grille vide. Appuyez sur les cases où se trouvaient les articles.
Appuyez sur Démarrer pour commencer.","Then, you'll be shown a blank grid. Tap the boxes where that items were located previously. Press Start to begin.","Then, you'll be shown a blank grid. Tap the boxes where that items were located previously. Press Start to begin.","Then, you'll be shown a blank grid. Tap the boxes where that items were located previously. Press Start to begin."
grid_transition,Try to remember the location of the items!,¡Intente recordar la ubicación de los elementos!,¡Intente recordar la ubicación de los elementos!,Essayez de vous souvenir de l’emplacement des articles!,Essayez de vous souvenir de l’emplacement des éléments !,Try to remember the location of the items!,Try to remember the location of the items!,Try to remember the location of the items!
grid_example_test,EXAMPLE GRID EXCERPT,EXTRACTO DE EJEMPLO DE CUADRÍCULA ,EXTRACTO DE EJEMPLO DE CUADRÍCULA,EXEMPLE DE GRILLE,EXEMPLE DE PORTION DE GRILLE,EXAMPLE GRID EXCERPT,EXAMPLE GRID EXCERPT,EXAMPLE GRID EXCERPT
grid_example_letters,EXAMPLE TASK EXCERPT,EXTRACTO DE EJEMPLO DE TAREA,EXTRACTO DE EJEMPLO DE TAREA,EXEMPLE D’EXTRAIT DE LA TÂCHE,EXEMPLE D’EXERCICE,EXAMPLE TASK EXCERPT,EXAMPLE TASK EXCERPT,EXAMPLE TASK EXCERPT
grid_subheader,Grids Instructions,Instrucciones para cuadrículas,Instrucciones de la cuadrícula,Instructions pour les grilles,Instructions relatives aux grilles,Grids Instructions,Grids Instructions,Grids Instructions
grid_tap,Tap On the F's,Escoja las F,Toque las letras «F»,Appuyez sur les F,Appuyer sur les F,Tap On the Fs,Tap On the Fs,Tap On the Fs
idverification_body,Please sign your initials on the line below to verify your identity.,Firme con sus iniciales en la línea a continuación para verificar su identidad.,Escriba sus iniciales en la siguiente raya.,Veuillez apposer vos initiales sur la ligne ci-dessous.,Veuillez apposer vos initiales sur la ligne ci-dessous.,Please sign your initials on the line below to verify your identity.,Please sign your initials on the line below to verify your identity.,Please sign your initials on the line below to verify your identity.
idverification_body2,"By signing my initials on the line below, I attest that I completed these tests.","Al escribir mis iniciales en la siguiente raya, doy fe de que completé estas pruebas.","Al escribir mis iniciales en la siguiente raya, doy fe de que completé estas pruebas.","En apposant mes initiales sur la ligne ci-dessous, je certifie que j’ai terminé ces tests.","En apposant mes initiales sur la ligne ci-dessous, j’atteste avoir effectué ces tests.","By signing my initials on the line below, I attest that I completed these tests.","By signing my initials on the line below, I attest that I completed these tests.","By signing my initials on the line below, I attest that I completed these tests."
idverification_header,ID VERIFICATION,VERIFICACIÓN DE IDENTIFICACIÓN,VERIFICACIÓN DE ID,VÉRIFICATION DU NUMÉRO D’IDENTITÉ,VÉRIFICATION DE L’IDENTITÉ,ID VERIFICATION,ID VERIFICATION,ID VERIFICATION
interrupted_body,Were you interrupted or did you have to stop while taking any of these tests?,¿Le interrumpieron o tuvo que detenerse mientras estaba completando estos tests?,¿Se le interrumpió o tuvo que parar mientras realizaba alguna de estas pruebas?,Avez-vous été interrompu ou avez-vous dû arrêter lorsque vous effectuiez l’un de ces tests ?,Avez-vous été interrompu ou avez-vous dû vous arrêter pendant un de ces tests ?,Were you interrupted or did you have to stop while taking any of these tests?,Were you interrupted or did you have to stop while taking any of these tests?,Were you interrupted or did you have to stop while taking any of these tests?
interrupted_header,FINAL QUESTIONS,PREGUNTAS FINALES,PREGUNTAS FINALES,QUESTIONS FINALES,DERNIÈRES QUESTIONS,FINAL QUESTIONS,FINAL QUESTIONS,FINAL QUESTIONS
list_selectall,Select all that apply:,Seleccione todos los que correspondan:,Seleccione todas las opciones que correspondan:,Sélectionnez tout ce qui s’applique :,Sélectionnez toutes les réponses pertinentes :,Select all that apply:,Select all that apply:,Select all that apply:
list_selectone,Select one:,Escoja una:,Seleccione una respuesta:,Sélectionner un :,Sélectionnez une réponse :,Select one:,Select one:,Select one:
money_prefix,$,$,"""""","""""","""""","""""","""""",$
money_suffix,"""""","""""",€,$,€,£,$,""""""
month_january,January,Enero,Enero,Janvier,Janvier,January,January,January
month_febuary,February,Febrero,Febrero,Février,Février,February,February,February
month_march,March,Marzo,Marzo,Mars,Mars,March,March,March
month_april,April,Abril,Abril,Avril,Avril,April,April,April
month_may,May,Mayo,Mayo,Mai,Mai,May,May,May
month_june,June,Junio,Junio,Juin,Juin,June,June,June
month_july,July,Julio,Julio,Juillet,Juillet,July,July,July
month_august,August,Agosto,Agosto,Août,Août,August,August,August
month_september,September,Septiembre,Septiembre,Septembre,Septembre,September,September,September
month_october,October,Octubre,Octubre,Octobre,Octobre,October,October,October
month_november,November,Noviembre,Noviembre,Novembre,Novembre,November,November,November
month_december,December,Diciembre,Diciembre,Décembre,Décembre,December,December,December
next,Next,Siguiente,Siguiente,Suivant,Suivant,Next,Next,Next
no,No,No,No,Non,Non,No,No,No
okay,Okay,Listo,Aceptar,OK,OK,Okay,Okay,Okay
popup_first,"You finished this test, ready for the next one?","Ha finalizado este test, ¿listo para el siguiente?","Ha terminado esta prueba, ¿está listo para la siguiente? ","Vous avez terminé ce test, prêt pour le prochain ?","Vous avez fini ce test, êtes-vous prêt pour le suivant ?","You finished this test, are you ready for the next one?","You finished this test, are you ready for the next one?","You finished this test, are you ready for the next one?"
popup_last,You finished this test!,¡Ha finalizado este test!,Ha terminado la prueba.,Vous avez terminé ce test !,Vous avez fini ce test !,You finished this test!,You finished this test!,You finished this test!
price_body,"In this task, we’ll show you some shopping items and prices. 

Please decide if the displayed price is a ""good bargain"" for that item.
 
The pair will only remain on the screen for a short time so please make your decision quickly and pay careful attention.

After you see 10 pairs of shopping items and prices, you will be asked to match the correct price with each item so try to remember the prices.

Press ""Start"" to begin.","En esta tarea, le mostraremos algunos artículos de compra y precios. 

Decida si el precio desplegado es una ""ganga"" por ese producto.
 
El par solo permanecerá en la pantalla por poco tiempo así que tome su decisión rápidamente y preste mucha atención.

Después de que vea 10 pares de artículos de compra y precios, se le pedirá que una el precio correcto con cada artículo, así que intente recordar los precios.

Presione Comenzar para dar inicio.","En esta prueba, le mostraremos algunos artículos para comprar y precios. 

Decida si el precio mostrado es una «ganga» para ese artículo.
 
El par permanecerá poco tiempo en la pantalla, por lo que debe tomar una decisión rápida y prestar mucha atención.

Una vez que haya visto los 10 pares de artículos para comprar y los precios, se le pedirá que empareje el precio correcto con cada artículo y que intente recordar los precios.

Pulse «Comenzar» para empezar.","Dans cette tâche, nous vous montrerons quelques articles d’achat et  des prix.. 

Veuillez décider si le prix affiché est une « bonne affaire » pour cet article.
 
La paire ne restera affichée à l’écran que pour une courte période de temps, alors veuillez prendre votre décision rapidement et être attentif.

Après avoir vu dix paires d’articles et de prix, on vous demandera de faire correspondre le prix correct avec chaque article, alors essayez de vous souvenir des prix.

Appuyez sur Début pour commencer","Lors de ce test, nous allons vous montrer des articles et des prix.

Estimez si le prix affiché est une « bonne affaire » pour cet article.
 
La paire ne restera que peu de temps à l’écran. Vous devez donc prendre une décision rapidement et être très attentif.

Lorsque vous aurez vu 10 paires article/prix, on vous demandera quel prix correspond à chaque article. Vous devez donc essayer de vous souvenir des prix.

Appuyez sur Démarrer pour commencer.","In this task, we’ll show you some shopping items and prices. 

Please decide if the displayed price is a ""good bargain"" for that item.
 
The pair will only remain on the screen for a short time so please make your decision quickly and pay careful attention.

After you see 10 pairs of shopping items and prices, you will be asked to match the correct price with each item so try to remember the prices.

Press Start to begin.","In this task, we’ll show you some shopping items and prices. 

Please decide if the displayed price is a ""good bargain"" for that item.
 
The pair will only remain on the screen for a short time so please make your decision quickly and pay careful attention.

After you see 10 pairs of shopping items and prices, you will be asked to match the correct price with each item so try to remember the prices.

Press Start to begin.","In this task, we’ll show you some shopping items and prices. 

Please decide if the displayed price is a ""good bargain"" for that item.
 
The pair will only remain on the screen for a short time so please make your decision quickly and pay careful attention.

After you see 10 pairs of shopping items and prices, you will be asked to match the correct price with each item so try to remember the prices.

Press Start to begin."
price_popup,"You will now start the test. You will see an item and two prices. 
Please select the price that matches the item you studied.","Ahora comenzará el test. Se observará un artículo y dos precios.
Seleccione el precio que concuerde con el artículo que estudió",Ahora comenzará la prueba. Verá un artículo y dos precios. Seleccione el precio que coincida con el artículo en cuestión.,"Vous allez maintenant commencer le test. Vous allez voir un article et deux prix.
Sélectionnez le prix correspondant à l’article que vous avez étudié.","Vous allez maintenant commencer le test. Un article et deux prix vont s’afficher.
Sélectionnez le prix qui correspond à l’article que vous avez étudié.",You will now start the test. You will see an item and two prices. Please select the price that matches the item you studied.,You will now start the test. You will see an item and two prices. Please select the price that matches the item you studied.,You will now start the test. You will see an item and two prices. Please select the price that matches the item you studied.
price_subheader,Prices Instructions,Instrucciones sobre precios,Instrucciones sobre precios,Instructions pour les prix,Instructions relatives aux prix,Prices Instructions,Prices Instructions,Prices Instructions
price_test_isgood,Is this a good price?,¿Es este un buen precio?,¿Es un buen precio?,Est-ce un bon prix ?,Est-ce un bon prix ?,Is this a good price?,Is this a good price?,Is this a good price?
price_test_wasprice,What was the price of the ,¿Cuál fue el precio de ,¿Cuál era el precio de,Quel était le prix de,Quel était le prix de,What was the price of the,What was the price of the,What was the price of the
ready,Ready,Listo,Listo,Prêt,Prêt,Ready,Ready,Ready
setup_a_checkbox,EXISTING PARTICIPANT,"PARTICIPANTE EXISTENTE
",PARTICIPANTE EXISTENTE,"PARTICIPANT EXISTANT
",PARTICIPANT EXISTANT,EXISTING PARTICIPANT,EXISTING PARTICIPANT,EXISTING PARTICIPANT
setup_a_header,SET UP PARTICIPANT,"CONFIGURAR EL PARTICIPANTE 
",CONFIGURAR PARTICIPANTE,"CONFIGURATION DU PARTICIPANT 
",CONFIGURATION DU PARTICIPANT,SET UP PARTICIPANT,SET UP PARTICIPANT,SET UP PARTICIPANT
setup_a_inputbox1,Enter Participant ID,"Ingresar la identificación del participante
",Introducir ID del participante,"Entrez le numéro d’identification du participant
",Saisir l’identifiant du participant,Enter Participant ID,Enter Participant ID,Enter Participant ID
setup_a_inputbox2,Confirm Participant ID,Confirmar la identificación del participante,Confirmar ID del participante,Confirmez le numéro d’identification du participant,Confirmer l’identifiant du participant,Confirm Participant ID,Confirm Participant ID,Confirm Participant ID
setup_a_inputbox3,Rater ID Number,"Número de identificación del evaluador
",Número de ID del evaluador,"Numéro d’identification de l’évaluateur
",Numéro d’identification de l’évaluateur,Rater ID Number,Rater ID Number,Rater ID Number
setup_b_header,SET UP AVAILABILITY ,"CONFIGURE LA DISPONIBILIDAD 
",CONFIGURAR DISPONIBILIDAD ,CONFIGURER LA DISPONIBILITÉ,CONFIGURER LA DISPONIBILITÉ,SET UP AVAILABILITY ,SET UP AVAILABILITY ,SET UP AVAILABILITY 
setup_b_inputbox1,When do you usually wake up?,¿A qué hora se despierta habitualmente?,¿A qué hora se despierta normalmente?,À quelle heure vous réveillez-vous habituellement ?,À quelle heure vous réveillez-vous d’habitude ?,When do you usually wake up?,When do you usually wake up?,When do you usually wake up?
setup_b_inputbox2,When do you usually go to bed?,¿A qué hora se va a la cama habitualmente?,¿A qué hora se acuesta normalmente?,À quelle heure vous couchez-vous habituellement ?,À quelle heure vous couchez-vous d’habitude ?,When do you usually go to bed?,When do you usually go to bed?,When do you usually go to bed?
setup_b_popup,COPY TIME TO OTHER DAYS,COPIE EL HORARIO EN LOS OTROS DÍAS,COPIAR LA HORA EN LOS DEMÁS DÍAS,COPIER L’HEURE POUR LES AUTRES JOURS,APPLIQUER LES HEURES AUX AUTRES JOURS,COPY TIME TO OTHER DAYS,COPY TIME TO OTHER DAYS,COPY TIME TO OTHER DAYS
setup_b_popup_header,Copy %@'s schedule to:,Copie el cronograma del %@ al:,Copiar el calendario del %@ al:,Appliquer le planning du %@ au :,Appliquer le planning du %@ au :,Copy %@'s schedule to:,Copy %@'s schedule to:,Copy %@'s schedule to:
setup_b_popup_header_mo,Copy Monday's schedule to:,Copiar el calendario del Lunes al:,Copiar el calendario del Lunes al:, Appliquer le planning du Lundi au :,Appliquer le planning du Lundi au :,Copy Monday's schedule to:,Copy Monday's schedule to:,Copy Monday's schedule to:
setup_b_popup_header_tu,Copy Tuesday's schedule to:,Copiar el calendario del Martes al:,Copiar el calendario del Martes al:,Appliquer le planning du Mardi au :,Appliquer le planning du Mardi au :,Copy Tuesday's schedule to:,Copy Tuesday's schedule to:,Copy Tuesday's schedule to:
setup_b_popup_header_we,Copy Wednesday's schedule to:,Copiar el calendario del Miércoles al:,Copiar el calendario del Miércoles al:,Appliquer le planning du Mercredi au :,Appliquer le planning du Mercredi au :,Copy Wednesday's schedule to:,Copy Wednesday's schedule to:,Copy Wednesday's schedule to:
setup_b_popup_header_th,Copy Thursday's schedule to:,Copiar el calendario del Jueves al:,Copiar el calendario del Jueves al:,Appliquer le planning du Jeudi au :,Appliquer le planning du Jeudi au :,Copy Thursday's schedule to:,Copy Thursday's schedule to:,Copy Thursday's schedule to:
setup_b_popup_header_fr,Copy Friday's schedule to:,Copiar el calendario del Viernes al:,Copiar el calendario del Viernes al:,Appliquer le planning du Vendredi au :,Appliquer le planning du Vendredi au :,Copy Friday's schedule to:,Copy Friday's schedule to:,Copy Friday's schedule to:
setup_b_popup_header_sa,Copy Saturday's schedule to:,Copiar el calendario del Sábado al:,Copiar el calendario del Sábado al:,Appliquer le planning du Samedi au :,Appliquer le planning du Samedi au :,Copy Saturday's schedule to:,Copy Saturday's schedule to:,Copy Saturday's schedule to:
setup_b_popup_header_su,Copy Sunday's schedule to:,Copiar el calendario del Domingo al:,Copiar el calendario del Domingo al:,Appliquer le planning du Dimanche au :,Appliquer le planning du Dimanche au :,Copy Sunday's schedule to:,Copy Sunday's schedule to:,Copy Sunday's schedule to:
setup_c_body,"You will need about five minutes to complete everything, maybe less. 

You will be asked a few questions and then you will complete three quick tests. 

Press Next to begin.","Necesitará aproximadamente cinco minutos para completar todo, tal vez menos.

Se le harán unas pocas preguntas y luego completará tres tests breves.

Presione siguiente para continuar.","Las pruebas nole llevarán más de cinco minutos.

 Se le harán unas preguntas y luego realizará tres pruebas rápidas. 

Pulse «Siguiente» para comenzar.","Vous aurez besoin d’environ cinq minutes pour compléter le tout, peut-être moins.

On vous posera quelques questions, puis vous compléterez trois tests rapides.

Appuyez sur Suivant pour commencer","Ce test vous prendra environ cinq minutes au total, peut-être moins. 

Vous devrez répondre à quelques questions, puis passer trois tests rapides. 

Appuyez sur Suivant pour commencer.","You will need about five minutes to complete everything, maybe less. 

You will be asked a few questions and then you will complete three quick tests. 

Press Next to begin.","You will need about five minutes to complete everything, maybe less. 

You will be asked a few questions and then you will complete three quick tests. 

Press Next to begin.","You will need about five minutes to complete everything, maybe less. 

You will be asked a few questions and then you will complete three quick tests. 

Press Next to begin."
setup_c_header,TEST OVERVIEW,RESUMEN DEL TEST,DESCRIPCIÓN DE LAS PRUEBAS,APERÇU DU TEST,APERÇU DU TEST,TEST OVERVIEW,TEST OVERVIEW,TEST OVERVIEW
start,Start,Comenzar,Comenzar,Suivant,Démarrer,Start,Start,Start
startdate_body,Select your next test date (it should be 6 months from your last test date).,Fije la siguiente fecha de inicio del participante.,Configure la siguiente fecha de inicio del participante.,Veuillez déterminer la prochaine date de début pour le participant,Entrez la prochaine date de débutpourleparticipant.,Select your next test date (it should be 6 months from your last test date).,Select your next test date (it should be 6 months from your last test date).,Select your next test date (it should be 6 months from your last test date).
startdate_header,SET START DATE,CONFIGURAR FECHA DE INICIO ,CONFIGURAR FECHA DE INICIO,DÉTERMINER LA DATE DE DÉBUT,DÉFINIR LA DATE DE DÉBUT,SET START DATE,SET START DATE,SET START DATE
symbols_body,"You will see three pairs of symbols at the top of the screen and two pairs at the bottom. 

As quickly as you can, tap the pair at the bottom of the screen that matches one of the pairs at the top.
 
Press Start to begin.","Observará tres pares de símbolos en la parte superior de la pantalla y dos pares en la parte inferior.

Tan pronto pueda, presione el par en la parte inferior de la pantalla que concuerda con uno de los pares de la parte superior.

Presione Comenzar para dar inicio.","Verá tres pares de símbolos en la parte superior de la pantalla y dos pares en la parte inferior. 

Toque lo más rápido posible en la parte inferior de la pantalla el par que coincide con uno de los pares de la parte superior. 

Pulse «Comenzar» para empezar.","Vous verrez trois paires de symboles en haut de l’écran et deux paires en bas.

Aussi rapidement que possible, appuyez sur la paire située au bas de l’écran qui correspond à une des paires du haut.

Appuyez sur Début pour commencer","Trois paires de symboles vont être affichées en haut de l’écran et deux paires en bas.

Appuyez aussi vite que possible sur la paire du bas qui correspond à l’une des paires du haut.

Appuyez sur Démarrer pour commencer.","You will see three pairs of symbols at the top of the screen and two pairs at the bottom. 

As quickly as you can, tap the pair at the bottom of the screen that matches one of the pairs at the top.
 
Press Start to begin.","You will see three pairs of symbols at the top of the screen and two pairs at the bottom. 

As quickly as you can, tap the pair at the bottom of the screen that matches one of the pairs at the top.
 
Press Start to begin.","You will see three pairs of symbols at the top of the screen and two pairs at the bottom. 

As quickly as you can, tap the pair at the bottom of the screen that matches one of the pairs at the top.
 
Press Start to begin."
symbols_match,Which pair below matches one of the pairs on the top?,¿Qué par a continuación concuerda con uno de los pares en la parte superior?,¿Cuál de los pares de la parte inferior coincide con uno de los pares de la parte superior?,Quelle paire ci-dessous correspond à une des paires ci-dessus ?,Laquelle des paires ci-dessous correspond à l’une des paires du haut ?,Which pair below matches one of the pairs on the top?,Which pair below matches one of the pairs on the top?,Which pair below matches one of the pairs on the top?
symbols_or,Or,O,O,Ou,Ou,Or,Or,Or
symbols_subheader,Symbols Instructions,Instrucciones sobre los símbolos,Instrucciones sobre los símbolos,Instructions pour les symboles,Instructions relatives aux symboles,Symbols Instructions,Symbols Instructions,Symbols Instructions
test_finsh,"You finished this test, ready for the next one?","Ha finalizado este test, ¿listo para el siguiente?","Ya ha terminado esta prueba, ¿está listo para la siguiente?","Vous avez terminé ce test, prêt pour le prochain ?","Vous avez fini ce test, êtes-vous prêt pour le suivant ?","You finished this test, ready for the next one?","You finished this test, ready for the next one?","You finished this test, ready for the next one?"
test_intro_body,"You will now complete three quick tests. 

You cannot pause this test once it has been started.
 
Press Next to begin.","Ahora completará tres tests breves.

No podrá pausar este test después de iniciado.

Presione Siguiente para dar inicio.","Ahora realizará tres pruebas rápidas.

No puede pausar esta prueba una vez que haya comenzado.

Pulse «Siguiente» para empezar.","Vous allez maintenant compléter trois tests rapides.

Vous ne pouvez pas mettre ce test en pause une fois qu’il a été démarré.

Appuyez sur Suivant pour commencer","Vous allez maintenant passer trois tests rapides.

Vous ne pourrez pas interrompre ces tests une fois que vous aurez commencé.

Appuyez sur Suivant pour commencer.","You will now complete three quick tests. 

You cannot pause this test once it has been started.
 
Press Next to begin.","You will now complete three quick tests. 

You cannot pause this test once it has been started.
 
Press Next to begin.","You will now complete three quick tests. 

You cannot pause this test once it has been started.
 
Press Next to begin."
test_intro_header,INSTRUCTIONS,Instrucciones sobre los símbolos,INSTRUCCIONES,INSTRUCTIONS,INSTRUCTIONS,INSTRUCTIONS,INSTRUCTIONS,INSTRUCTIONS
undo,Undo,Deshacer,Deshacer,Annuler,Annuler,Undo,Undo,Undo
wakeup_0_q1,What time did you get in bed last night?,"¿A qué hora se fue a la cama anoche?
",¿A qué hora se acostó anoche?,À quelle heure vous êtes-vous couché la nuit dernière ?,À quelle heure vous êtes-vous couché hier soir ?,What time did you get in bed last night?,What time did you get in bed last night?,What time did you get in bed last night?
wakeup_0_q2,How long did it take you to fall asleep?,"¿A qué hora se fue a la cama anoche?
",¿Cuánto tiempo tardó en dormirse?,Combien de temps vous a-t-il fallu pour vous endormir ?,Combien de temps vous a-t-il fallu pour vous endormir ?,How long did it take you to fall asleep?,How long did it take you to fall asleep?,How long did it take you to fall asleep?
wakeup_0_q3,How many times did you wake up for 5 minutes or longer?,¿Cuántas veces se despertó durante 5 minutos o más?,¿Cuántas veces estuvo despierto durante 5 minutos o más?,Combien de fois vous êtes-vous réveillé pour une période de cinq minutes ou plus ?,Combien de fois vous êtes-vous réveillé au moins 5 minutes ?,How many times did you wake up for 5 minutes or longer?,How many times did you wake up for 5 minutes or longer?,How many times did you wake up for 5 minutes or longer?
wakeup_1_q1,What time did you wake up in the morning?,"¿A qué hora se despertó en la mañana?
",¿A qué hora se despertó por la mañana?,À quelle heure vous êtes-vous réveillé le matin ?,À quelle heure vous êtes-vous réveillé le matin ?,What time did you wake up in the morning?,What time did you wake up in the morning?,What time did you wake up in the morning?
wakeup_1_q2,What time did you get out of bed?,"¿A qué hora se levantó de la cama?
",¿A qué hora se levantó?,"À quelle heure vous êtes-vous levé ?
",À quelle heure vous êtes-vous levé ?,What time did you get out of bed?,What time did you get out of bed?,What time did you get out of bed?
wakeup_1_q3,How would you rate the quality of your sleep?,"¿Cómo calificaría la calidad de su sueño?
",¿Cómo evaluaría la calidad del sueño?,Comment évalueriez-vous la qualité de votre sommeil ?,"D’après vous, quelle est la qualité de votre sommeil ?",How would you rate the quality of your sleep?,How would you rate the quality of your sleep?,How would you rate the quality of your sleep?
wakeup_excellent,EXCELLENT,EXCELENTE,EXCELENTE,EXCELLENTE,EXCELLENTE,EXCELLENT,EXCELLENT,EXCELLENT
wakeup_header,WAKE SURVEY,"ENCUESTA SOBRE LA VIGILIA
",ENCUESTA SOBRE LAS HORAS DE VIGILIA,ENQUÊTE SUR LE RÉVEIL,ÉTUDE DE RÉVEIL,WAKE SURVEY,WAKE SURVEY,WAKE SURVEY
wakeup_poor,POOR,MALO,MALA,MAUVAISE,MAUVAISE,POOR,POOR,POOR
weekday_sunday        ,Sunday,Domingo,Domingo,Dimanche,Dimanche,Sunday,Sunday,Sunday
weekday_monday,Monday,Lunes,Lunes,Lundi,Lundi,Monday,Monday,Monday
weekday_tuesday,Tuesday,Martes,Martes,Mardi,Mardi,Tuesday,Tuesday,Tuesday
weekday_wednesday,Wednesday,Miércoles,Miércoles,Mercredi,Mercredi,Wednesday,Wednesday,Wednesday
weekday_thursday,Thursday,Jueves,Jueves,Jeudi,Jeudi,Thursday,Thursday,Thursday
weekday_friday,Friday,Viernes,Viernes,Vendredi,Vendredi,Friday,Friday,Friday
weekday_saturday,Saturday,Sábado,Sábado,Samedi,Samedi,Saturday,Saturday,Saturday
weekdays_su,Su,DO,DO,DI,DI,Su,Su,Su
weekdays_mo,Mo,LU,LU,LU,LU,Mo,Mo,Mo
weekdays_tu,Tu,MA,MA,MA,MA,Tu,Tu,Tu
weekdays_we,We,MI,MI,ME,ME,We,We,We
weekdays_th,Th,JU,JU,JE,JE,Th,Th,Th
weekdays_fr,Fr,VI,VI,VE,VE,Fr,Fr,Fr
weekdays_sa,Sa,SA,SA,SA,SA,Sa,Sa,Sa
yes,Yes,Si,Sí,Oui,Oui,Yes,Yes,Yes
between_edit_availability,Edit Availability,Editar disponibilidad,Editar disponibilidad,Modifier la disponibilité,Modifier la disponibilité,EDIT AVAILABILITY,EDIT AVAILABILITY,EDIT AVAILABILITY
between_header,HOME,Inicio ,INICIO,Page d’accueil,Accueil,HOME,HOME,HOME
between_body,"There are no tests available at this time. 
You will be notified when it is time to start.","No hay tests disponibles en este momento. 
Se le notificará cuando sea el momento de comenzar.","Actualmente no hay ninguna prueba disponible.
Le notificaremos cuando deba comenzar.",Il n’y a pas de tests disponibles pour le moment. Vous serez avisé lorsqu’il sera temps de commencer.,"Aucun test n’est disponible actuellement.
Vous recevrez une notification lorsque vous devrez commencer.","There are no tests available at this time. 
You will be notified when it is time to start.","There are no tests available at this time. 
You will be notified when it is time to start.","There are no tests available at this time. 
You will be notified when it is time to start."
between_questions,"Questions? 
Contact EXR ARC Coordinator.","¿Tiene preguntas?
Contacte al coordinador del centro.","¿Tiene preguntas? 
Contacte con el coordinador del centro.","Questions ? 
Communiquez avec le coordonnateur du site.","Des questions ? 
Contactez le coordinateur du centre.","Questions? 
Contact EXR ARC Coordinator.","Questions?
Contact EXR ARC Coordinator.","Questions?
Contact EXR ARC Coordinator."
notest_adjust,I NEED TO ADJUST MY TEST DATE,Necesito MODIFICAR LA FECHA DE MI TEST,NECESITO AJUSTAR LA FECHA DE LA PRUEBA,Je dois CHANGER LA DATE DE MON TEST,"Je dois MODIFIER MA DATE DE TEST
",I NEED TO ADJUST MY TEST DATE,I NEED TO ADJUST MY TEST DATE,I NEED TO ADJUST MY TEST DATE
notification_take,It’s time to take a quick test!,¡Es hora de completar un breve test!,¡Es hora de hacer una prueba rápida!,Il est temps de passer un test rapide !,Il est l’heure de passer un test rapide !,It’s time to take a quick test!,It’s time to take a quick test!,It’s time to take a quick test!
format_date,MM/dd/yy,MM/dd/yy,dd/MM/yy,MM/dd/yy,dd/MM/yy,dd/MM/yy,dd/MM/yy,MM/dd/yy
notification_next1,Your next test will be on {DATE}.,El siguiente test será el {DATE},Su siguiente prueba será el {DATE}.,Votre prochain test sera le {DATE},Votre prochain test aura lieu le {DATE}.,Your next test will be on {DATE}.,Your next test will be on {DATE}.,Your next test will be on {DATE}.
notification_missed,"You've missed your tests. If you're unable 
to finish this week, please contact your site coordinator.        ","No ha completado los tests. Si no puede 
terminar esta semana, contacte al coordinador del centro.        ","No ha realizado las pruebas. Si no puede hacerlo esta semana, contacte con el coordinador del centro.","Vous avez manqué vos tests. Si vous n’êtes pas capable de terminer cette semaine, veuillez communiquer avec votre coordonnateur de site.","Vous avez manqué vos tests. Si vous ne pouvez pas les passer cette semaine, contactez le coordinateur de votre centre.","You've missed your tests. If you're unable 
to finish this week, please contact your site 
coordinator.	","You've missed your tests. If you're unable 
to finish this week, please contact your site 
coordinator.	","You've missed your tests. If you're unable 
to finish this week, please contact your site 
coordinator.	"
notification_confirm,Please confirm your next testing date.,Confirme la próxima fecha de inicio del test.,Confirme la fecha de la siguiente prueba.,Veuillez confirmer la date de votre prochain test.,Confirmez la date de début de votre prochain test.,Please confirm your next test date.,Please confirm your next testing start date.,Please confirm your next testing start date.
upgrade_header,CONFIRM PHONE,CONFIRME EL TELÉFONO,CONFIRMAR TELÉFONO,CONFIRMER LE NUMÉRO DE TÉLÉPHONE,CONFIRMER LE TÉLÉPHONE,CONFIRM PHONE,CONFIRM PHONE,CONFIRM PHONE
upgrade_body,Do you plan to upgrade your phone in the next 3 months?,"¿Planea actualizar su teléfono en los próximos tres meses?
",¿Tiene planeado actualizar su teléfono en los próximos 3 meses?,Prévoyez-vous mettre à niveau votre téléphone au cours des trois prochains mois ?,Envisagez-vous de changer de téléphone au cours des 3 prochains mois ?,Do you plan to upgrade your phone in the next 3 months?,Do you plan to upgrade your phone in the next 3 months?,Do you plan to upgrade your phone in the next 3 months?
confirm_header,CONFIRM START DATE,Confirme la fecha de inicio,CONFIRMAR FECHA DE INICIO,Confirmer la date de début,Confirmer la date de début,CONFIRM START DATE,CONFIRM START DATE,CONFIRM START DATE
confirm_body1,Your next test will begin on {DATE} .,El próximo test será el {DATE},Su siguiente prueba comenzará el {DATE}.,Votre prochain test sera le {DATE},Votre prochain test aura lieu le {DATE},Your next test will begin on {DATE} .,Your next test will begin on {DATE} .,Your next test will begin on {DATE} .
confirm_body2,Please confirm or adjust the start date.,"NECESITO MODIFICAR LA FECHA DE INICIO
",Confirme o ajuste esta fecha de inicio.,Veuillez confirmer ou changer la date de début.,Confirmez ou modifiez la date de début.,Please confirm or adjust the start date.,Please confirm or adjust the start date.,Please confirm or adjust the start date.
baseline_sitecoordinator,Site Coordinator,Coordinador del centro,Coordinador del centro,Coordonnateur du site,Coordinateur du centre,Site Coordinator,Site Coordinator,Site Coordinator
edit,Edit,Editar,Modificar,Éditer,Modifier,Edit,Edit,Edit
choosetime,Choose Time,Elija una hora,Seleccionar hora,Choisir l’heure,Choisir l’heure,Choose Time,Choose Time,Choose Time
chooseanswer,Choose Answer,Elija la respuesta,Seleccionar respuesta,Choisir une réponse,Choisir une réponse,Choose Answer,Choose Answer,Choose Answer
time_hours,hours,horas,horas,heures,heures,hours,hours,hours
time_hour,hour,hora,hora,heure,heure,hour,hour,hour
time_hr,hr,hr,hr,hr,hr,hr,hr,hr
time_min,min,min,min,min,min,min,min,min
test,TEST ,CUESTIONARIO,PRUEBA,TEST,TEST,TEST,TEST,TEST
adjust_start_date,I NEED TO ADJUST MY START DATE,NECESITO MODIFICAR LA FECHA DE INICIO,NECESITO AJUSTAR LA FECHA DE INICIO,"JE DOIS CHANGER LA DATE DE DÉBUT
","JE DOIS MODIFIER LA DATE DE DÉBUT
",I NEED TO ADJUST MY START DATE,I NEED TO ADJUST MY START DATE,I NEED TO ADJUST MY START DATE
